Variables,Overall,Cumulative
self_reference_avg_sharess,0.014405152,0.014405152
num_imgs,0.006564803,0.020969955
num_hrefs,0.005848528,0.026818483
data_channel_is_world,0.004768396,0.031586879
num_videos,0.004169273,0.035756151